A;MES; REGIONES ;ACCIMORTALES;ACCITRABAJO;INCIPELIGROSOS;ENFEROCUPACIONALES;TOTALNOTIFICACIONES
2020;ENERO;AMAZONAS;0;1;0;0;1
2020;ENERO;ANCASH;0;13;1;0;14
2020;ENERO;APURIMAC;0;8;0;0;8
2020;ENERO;AREQUIPA;0;162;9;0;171
2020;ENERO;AYACUCHO;0;0;0;0;0
2020;ENERO;CAJAMARCA;0;15;1;0;16
2020;ENERO;CALLAO;0;183;0;0;183
2020;ENERO;CUSCO;1;18;0;0;19
2020;ENERO;HUANCAVELICA;0;4;1;0;5
2020;ENERO;HUANUCO;0;0;0;0;0
2020;ENERO;ICA;0;5;0;0;5
2020;ENERO;JUNIN;3;6;0;0;9
2020;ENERO;LA LIBERTAD;0;60;1;0;61
2020;ENERO;LAMBAYEQUE;1;1;0;0;2
2020;ENERO;LIMA METROPOLITANA;11;2,111;35;0;2157
2020;ENERO;LIMA;0;14;0;0;14
2020;ENERO;LORETO;0;5;1;0;6
2020;ENERO;MADRE DE DIOS;1;0;0;0;1
2020;ENERO;MOQUEGUA;0;14;4;0;18
2020;ENERO;PASCO;0;4;0;0;4
2020;ENERO;PIURA;0;186;0;0;186
2020;ENERO;PUNO;0;1;0;0;1
2020;ENERO;SAN MARTIN;0;1;0;0;1
2020;ENERO;TACNA;0;1;0;0;1
2020;ENERO;TUMBES;0;4;0;0;4
2020;ENERO;UCAYALI;0;10;0;0;10
2020;FEBRERO;AMAZONAS;0;0;0;0;0
2020;FEBRERO;ANCASH;0;60;2;0;62
2020;FEBRERO;APURIMAC;0;8;0;0;8
2020;FEBRERO;AREQUIPA;1;145;6;0;152
2020;FEBRERO;AYACUCHO;1;1;0;0;2
2020;FEBRERO;CAJAMARCA;0;12;0;0;12
2020;FEBRERO;CALLAO;0;369;3;0;372
2020;FEBRERO;CUSCO;0;8;0;0;8
2020;FEBRERO;HUANCAVELICA;0;6;0;0;6
2020;FEBRERO;HUANUCO;0;2;1;0;3
2020;FEBRERO;ICA;0;0;3;0;3
2020;FEBRERO;JUNIN;0;9;2;0;11
2020;FEBRERO;LA LIBERTAD;6;17;1;0;24
2020;FEBRERO;LAMBAYEQUE;0;6;0;0;6
2020;FEBRERO;LIMA METROPOLITANA;7;2,356;31;5;2399
2020;FEBRERO;LIMA;0;17;1;2;20
2020;FEBRERO;LORETO;0;30;2;0;32
2020;FEBRERO;MADRE DE DIOS;0;0;0;0;0
2020;FEBRERO;MOQUEGUA;1;3;1;0;5
2020;FEBRERO;PASCO;0;7;0;0;7
2020;FEBRERO;PIURA;1;156;3;0;160
2020;FEBRERO;PUNO;0;1;1;0;2
2020;FEBRERO;SAN MARTIN;1;2;0;0;3
2020;FEBRERO;TACNA;0;8;1;0;9
2020;FEBRERO;TUMBES;0;6;0;0;6
2020;FEBRERO;UCAYALI;1;10;0;0;11
2020;MARZO;AMAZONAS;0;0;0;0;0
2020;MARZO;ANCASH;3;19;0;0;22
2020;MARZO;APURIMAC;0;2;0;0;2
2020;MARZO;AREQUIPA;2;53;10;0;65
2020;MARZO;AYACUCHO;0;0;0;0;0
2020;MARZO;CAJAMARCA;0;10;0;0;10
2020;MARZO;CALLAO;1;237;0;0;238
2020;MARZO;CUSCO;1;4;0;0;5
2020;MARZO;HUANCAVELICA;0;0;0;0;0
2020;MARZO;HUANUCO;0;0;0;0;0
2020;MARZO;ICA;0;14;0;0;14
2020;MARZO;JUNIN;0;4;0;0;4
2020;MARZO;LA LIBERTAD;0;14;0;0;14
2020;MARZO;LAMBAYEQUE;0;2;3;0;5
2020;MARZO;LIMA METROPOLITANA;4;1623;10;1;1638
2020;MARZO;LIMA;0;20;1;2;23
2020;MARZO;LORETO;0;1;0;0;1
2020;MARZO;MADRE DE DIOS;0;0;0;0;0
2020;MARZO;MOQUEGUA;0;1;0;0;1
2020;MARZO;PASCO;0;4;0;0;4
2020;MARZO;PIURA;0;22;0;0;22
2020;MARZO;PUNO;0;2;0;0;2
2020;MARZO;SAN MARTIN;1;1;0;0;2
2020;MARZO;TACNA;0;1;0;0;1
2020;MARZO;TUMBES;1;3;0;0;4
2020;MARZO;UCAYALI;1;2;1;0;4
2020;ABRIL;AMAZONAS;0;0;0;0;0
2020;ABRIL;ANCASH;0;3;0;0;3
2020;ABRIL;APURIMAC;0;0;0;0;0
2020;ABRIL;AREQUIPA;2;52;4;0;58
2020;ABRIL;AYACUCHO;0;0;0;0;0
2020;ABRIL;CAJAMARCA;0;10;0;0;10
2020;ABRIL;CALLAO;0;38;0;0;38
2020;ABRIL;CUSCO;1;2;0;0;3
2020;ABRIL;HUANCAVELICA;0;3;1;0;4
2020;ABRIL;HUANUCO;0;0;0;0;0
2020;ABRIL;ICA;0;1;0;0;1
2020;ABRIL;JUNIN;0;2;0;0;2
2020;ABRIL;LA LIBERTAD;0;11;0;0;11
2020;ABRIL;LAMBAYEQUE;0;0;0;0;0
2020;ABRIL;LIMA METROPOLITANA;1;510;17;0;528
2020;ABRIL;LIMA;0;34;1;0;35
2020;ABRIL;LORETO;0;0;0;0;0
2020;ABRIL;MADRE DE DIOS;0;0;0;0;0
2020;ABRIL;MOQUEGUA;0;8;0;0;8
2020;ABRIL;PASCO;0;3;0;0;3
2020;ABRIL;PIURA;0;20;2;0;22
2020;ABRIL;PUNO;0;0;0;0;0
2020;ABRIL;SAN MARTIN;0;0;0;0;0
2020;ABRIL;TACNA;0;4;0;0;4
2020;ABRIL;TUMBES;0;0;0;0;0
2020;ABRIL;UCAYALI;0;1;0;0;1
2020;MAYO;AMAZONAS;0;0;0;0;0
2020;MAYO;ANCASH;0;0;1;0;1
2020;MAYO;APURIMAC;0;0;0;0;0
2020;MAYO;AREQUIPA;0;47;1;0;48
2020;MAYO;AYACUCHO;1;0;0;0;1
2020;MAYO;CAJAMARCA;0;1;0;0;1
2020;MAYO;CALLAO;0;17;1;0;18
2020;MAYO;CUSCO;0;1;0;1;2
2020;MAYO;HUANCAVELICA;0;0;0;0;0
2020;MAYO;HUANUCO;0;0;0;0;0
2020;MAYO;ICA;0;1;0;0;1
2020;MAYO;JUNIN;0;1;2;0;3
2020;MAYO;LA LIBERTAD;0;13;0;0;13
2020;MAYO;LAMBAYEQUE;0;1;1;0;2
2020;MAYO;LIMA METROPOLITANA;4;387;7;5;403
2020;MAYO;LIMA;1;4;0;0;5
2020;MAYO;LORETO;0;0;0;0;0
2020;MAYO;MADRE DE DIOS;0;0;0;0;0
2020;MAYO;MOQUEGUA;0;2;0;0;2
2020;MAYO;PASCO;0;0;0;0;0
2020;MAYO;PIURA;0;1;0;0;1
2020;MAYO;PUNO;0;0;0;0;0
2020;MAYO;SAN MARTIN;0;1;0;0;1
2020;MAYO;TACNA;0;0;0;0;0
2020;MAYO;TUMBES;0;0;0;0;0
2020;MAYO;UCAYALI;0;0;0;0;0
2020;JUNIO;AMAZONAS;0;0;0;0;0
2020;JUNIO;ANCASH;1;2;4;0;7
2020;JUNIO;APURIMAC;0;0;0;0;0
2020;JUNIO;AREQUIPA;0;39;2;0;41
2020;JUNIO;AYACUCHO;0;0;0;0;0
2020;JUNIO;CAJAMARCA;0;0;0;0;0
2020;JUNIO;CALLAO;0;21;0;1;22
2020;JUNIO;CUSCO;0;2;0;0;2
2020;JUNIO;HUANCAVELICA;0;0;0;0;0
2020;JUNIO;HUANUCO;0;0;0;0;0
2020;JUNIO;ICA;0;0;1;0;1
2020;JUNIO;JUNIN;0;0;1;0;1
2020;JUNIO;LA LIBERTAD;1;0;1;0;2
2020;JUNIO;LAMBAYEQUE;1;0;1;0;2
2020;JUNIO;LIMA METROPOLITANA;1;530;12;0;543
2020;JUNIO;LIMA;0;5;0;0;5
2020;JUNIO;LORETO;0;1;0;0;1
2020;JUNIO;MADRE DE DIOS;0;0;0;0;0
2020;JUNIO;MOQUEGUA;0;4;0;0;4
2020;JUNIO;PASCO;1;0;0;0;1
2020;JUNIO;PIURA;0;0;0;0;0
2020;JUNIO;PUNO;0;1;0;0;1
2020;JUNIO;SAN MARTIN;0;0;0;0;0
2020;JUNIO;TACNA;0;13;0;0;13
2020;JUNIO;TUMBES;0;0;0;0;0
2020;JUNIO;UCAYALI;0;1;0;0;1
2020;JULIO;AMAZONAS;0;0;0;0;0
2020;JULIO;ANCASH;0;0;1;0;1
2020;JULIO;APURIMAC;0;0;0;0;0
2020;JULIO;AREQUIPA;1;36;2;0;39
2020;JULIO;AYACUCHO;0;0;0;0;0
2020;JULIO;CAJAMARCA;0;0;0;0;0
2020;JULIO;CALLAO;1;86;2;1;90
2020;JULIO;CUSCO;0;0;0;0;0
2020;JULIO;HUANCAVELICA;0;0;0;0;0
2020;JULIO;HUANUCO;0;0;0;0;0
2020;JULIO;ICA;0;0;2;0;2
2020;JULIO;JUNIN;0;0;2;0;2
2020;JULIO;LA LIBERTAD;0;5;0;0;5
2020;JULIO;LAMBAYEQUE;0;0;0;0;0
2020;JULIO;LIMA METROPOLITANA;6;884;6;1;897
2020;JULIO;LIMA;0;1;0;0;1
2020;JULIO;LORETO;0;31;0;0;31
2020;JULIO;MADRE DE DIOS;0;0;0;0;0
2020;JULIO;MOQUEGUA;0;6;0;0;6
2020;JULIO;PASCO;1;1;0;0;2
2020;JULIO;PIURA;0;39;0;0;39
2020;JULIO;PUNO;0;1;0;0;1
2020;JULIO;SAN MARTIN;0;0;0;0;0
2020;JULIO;TACNA;0;7;0;0;7
2020;JULIO;TUMBES;0;2;0;0;2
2020;JULIO;UCAYALI;0;2;0;0;2
2020;AGOSTO;AMAZONAS;0;0;0;0;0
2020;AGOSTO;ANCASH;0;3;0;0;3
2020;AGOSTO;APURIMAC;0;0;0;3;3
2020;AGOSTO;AREQUIPA;2;11;3;0;16
2020;AGOSTO;AYACUCHO;0;0;0;0;0
2020;AGOSTO;CAJAMARCA;0;4;0;0;4
2020;AGOSTO;CALLAO;1;75;0;0;76
2020;AGOSTO;CUSCO;2;4;0;1;7
2020;AGOSTO;HUANCAVELICA;0;4;1;0;5
2020;AGOSTO;HUANUCO;0;0;0;0;0
2020;AGOSTO;ICA;0;5;0;0;5
2020;AGOSTO;JUNIN;0;0;0;0;0
2020;AGOSTO;LA LIBERTAD;2;9;2;0;13
2020;AGOSTO;LAMBAYEQUE;0;0;0;0;0
2020;AGOSTO;LIMA METROPOLITANA;2;1,252;16;1;1271
2020;AGOSTO;LIMA;0;14;0;0;14
2020;AGOSTO;LORETO;0;4;0;0;4
2020;AGOSTO;MADRE DE DIOS;0;0;0;0;0
2020;AGOSTO;MOQUEGUA;0;3;0;0;3
2020;AGOSTO;PASCO;0;4;0;0;4
2020;AGOSTO;PIURA;0;16;1;0;17
2020;AGOSTO;PUNO;0;0;0;0;0
2020;AGOSTO;SAN MARTIN;1;0;0;0;1
2020;AGOSTO;TACNA;0;1;0;0;1
2020;AGOSTO;TUMBES;0;0;0;0;0
2020;AGOSTO;UCAYALI;1;0;0;0;1
2020;SETIEMBRE;AMAZONAS;0;0;0;0;0
2020;SETIEMBRE;ANCASH;1;4;2;0;7
2020;SETIEMBRE;APURIMAC;0;4;1;0;5
2020;SETIEMBRE;AREQUIPA;0;24;3;0;27
2020;SETIEMBRE;AYACUCHO;0;2;0;1;3
2020;SETIEMBRE;CAJAMARCA;0;7;0;0;7
2020;SETIEMBRE;CALLAO;1;154;2;0;157
2020;SETIEMBRE;CUSCO;1;2;0;0;3
2020;SETIEMBRE;HUANCAVELICA;0;0;2;0;2
2020;SETIEMBRE;HUANUCO;0;0;0;0;0
2020;SETIEMBRE;ICA;1;11;1;0;13
2020;SETIEMBRE;JUNIN;0;0;0;0;0
2020;SETIEMBRE;LA LIBERTAD;0;23;0;0;23
2020;SETIEMBRE;LAMBAYEQUE;0;1;0;0;1
2020;SETIEMBRE;LIMA METROPOLITANA;4;2,083;16;0;2103
2020;SETIEMBRE;LIMA;1;15;1;0;17
2020;SETIEMBRE;LORETO;0;0;0;0;0
2020;SETIEMBRE;MADRE DE DIOS;0;0;0;0;0
2020;SETIEMBRE;MOQUEGUA;0;2;0;2;4
2020;SETIEMBRE;PASCO;0;7;0;0;7
2020;SETIEMBRE;PIURA;0;44;2;0;46
2020;SETIEMBRE;PUNO;0;0;0;0;0
2020;SETIEMBRE;SAN MARTIN;0;0;0;0;0
2020;SETIEMBRE;TACNA;0;7;0;0;7
2020;SETIEMBRE;TUMBES;0;4;0;0;4
2020;SETIEMBRE;UCAYALI;0;1;0;0;1
2020;OCTUBRE;AMAZONAS;0;0;0;0;0
2020;OCTUBRE;ANCASH;0;5;2;0;7
2020;OCTUBRE;APURIMAC;0;1;0;0;1
2020;OCTUBRE;AREQUIPA;0;86;6;0;92
2020;OCTUBRE;AYACUCHO;0;2;0;0;2
2020;OCTUBRE;CAJAMARCA;1;3;0;0;4
2020;OCTUBRE;CALLAO;1;272;0;7;280
2020;OCTUBRE;CUSCO;0;2;0;1;3
2020;OCTUBRE;HUANCAVELICA;0;2;0;0;2
2020;OCTUBRE;HUANUCO;0;0;0;0;0
2020;OCTUBRE;ICA;0;6;1;0;7
2020;OCTUBRE;JUNIN;0;3;0;0;3
2020;OCTUBRE;LA LIBERTAD;0;8;1;0;9
2020;OCTUBRE;LAMBAYEQUE;0;3;0;0;3
2020;OCTUBRE;LIMA METROPOLITANA;27;2,358;26;52;2463
2020;OCTUBRE;LIMA;2;19;0;0;21
2020;OCTUBRE;LORETO;0;0;0;0;0
2020;OCTUBRE;MADRE DE DIOS;0;0;0;0;0
2020;OCTUBRE;MOQUEGUA;0;8;0;0;8
2020;OCTUBRE;PASCO;0;22;0;0;22
2020;OCTUBRE;PIURA;1;51;4;1;57
2020;OCTUBRE;PUNO;0;0;0;0;0
2020;OCTUBRE;SAN MARTIN;0;0;0;0;0
2020;OCTUBRE;TACNA;0;4;0;0;4
2020;OCTUBRE;TUMBES;0;1;0;0;1
2020;OCTUBRE;UCAYALI;0;0;0;0;0
2020;NOVIEMBRE;AMAZONAS;0;0;0;0;0
2020;NOVIEMBRE;ANCASH;1;0;2;0;3
2020;NOVIEMBRE;APURIMAC;0;0;0;0;0
2020;NOVIEMBRE;AREQUIPA;1;109;3;0;113
2020;NOVIEMBRE;AYACUCHO;0;3;0;0;3
2020;NOVIEMBRE;CAJAMARCA;1;6;0;0;7
2020;NOVIEMBRE;CALLAO;1;278;0;0;279
2020;NOVIEMBRE;CUSCO;2;4;0;0;6
2020;NOVIEMBRE;HUANCAVELICA;0;3;0;0;3
2020;NOVIEMBRE;HUANUCO;0;0;0;0;0
2020;NOVIEMBRE;ICA;2;7;3;0;12
2020;NOVIEMBRE;JUNIN;1;1;0;0;2
2020;NOVIEMBRE;LA LIBERTAD;0;7;0;0;7
2020;NOVIEMBRE;LAMBAYEQUE;0;10;0;0;10
2020;NOVIEMBRE;LIMA METROPOLITANA;4;2,099;10;2;2115
2020;NOVIEMBRE;LIMA;2;21;1;0;24
2020;NOVIEMBRE;LORETO;0;0;0;0;0
2020;NOVIEMBRE;MADRE DE DIOS;0;0;0;0;0
2020;NOVIEMBRE;MOQUEGUA;0;6;0;0;6
2020;NOVIEMBRE;PASCO;0;5;1;0;6
2020;NOVIEMBRE;PIURA;0;92;0;0;92
2020;NOVIEMBRE;PUNO;0;0;0;0;0
2020;NOVIEMBRE;SAN MARTIN;1;0;0;0;1
2020;NOVIEMBRE;TACNA;0;1;0;0;1
2020;NOVIEMBRE;TUMBES;0;1;1;0;2
2020;NOVIEMBRE;UCAYALI;0;1;0;0;1
2020;DICIEMBRE;AMAZONAS;0;0;0;0;0
2020;DICIEMBRE;ANCASH;1;2;8;0;11
2020;DICIEMBRE;APURIMAC;0;1;1;0;2
2020;DICIEMBRE;AREQUIPA;0;183;12;0;195
2020;DICIEMBRE;AYACUCHO;1;4;0;0;5
2020;DICIEMBRE;CAJAMARCA;0;4;1;0;5
2020;DICIEMBRE;CALLAO;0;240;1;0;241
2020;DICIEMBRE;CUSCO;0;9;0;0;9
2020;DICIEMBRE;HUANCAVELICA;0;20;0;0;20
2020;DICIEMBRE;HUANUCO;0;1;0;0;1
2020;DICIEMBRE;ICA;0;6;1;0;7
2020;DICIEMBRE;JUNIN;0;4;0;0;4
2020;DICIEMBRE;LA LIBERTAD;0;19;0;0;19
2020;DICIEMBRE;LAMBAYEQUE;1;1;1;0;3
2020;DICIEMBRE;LIMA METROPOLITANA;4;1,629;7;13;1653
2020;DICIEMBRE;LIMA;3;14;1;0;18
2020;DICIEMBRE;LORETO;0;1;1;0;2
2020;DICIEMBRE;MADRE DE DIOS;0;0;0;0;0
2020;DICIEMBRE;MOQUEGUA;0;1;0;0;1
2020;DICIEMBRE;PASCO;0;3;0;0;3
2020;DICIEMBRE;PIURA;2;34;1;0;37
2020;DICIEMBRE;PUNO;0;1;0;0;1
2020;DICIEMBRE;SAN MARTIN;0;0;1;0;1
2020;DICIEMBRE;TACNA;0;11;0;0;11
2020;DICIEMBRE;TUMBES;0;2;0;0;2
2020;DICIEMBRE;UCAYALI;1;3;0;0;4
2021;ENERO;AMAZONAS;2;0;0;0;2
2021;ENERO;ANCASH;1;8;2;0;11
2021;ENERO;APURIMAC;0;1;0;0;1
2021;ENERO;AREQUIPA;2;193;5;0;200
2021;ENERO;AYACUCHO;0;2;0;0;2
2021;ENERO;CAJAMARCA;0;8;0;0;8
2021;ENERO;CALLAO;1;231;0;0;232
2021;ENERO;CUSCO;0;2;0;0;2
2021;ENERO;HUANCAVELICA;0;1;0;0;1
2021;ENERO;HUANUCO;0;0;0;0;0
2021;ENERO;ICA;0;3;1;0;4
2021;ENERO;JUNIN;0;0;0;0;0
2021;ENERO;LA LIBERTAD;2;12;1;0;15
2021;ENERO;LAMBAYEQUE;0;3;0;0;3
2021;ENERO;LIMA METROPOLITANA;3;1,799;11;3;1816
2021;ENERO;LIMA;1;10;0;0;11
2021;ENERO;LORETO;0;0;0;0;0
2021;ENERO;MADRE DE DIOS;0;0;0;0;0
2021;ENERO;MOQUEGUA;0;5;1;0;6
2021;ENERO;PASCO;0;12;0;0;12
2021;ENERO;PIURA;1;66;0;0;67
2021;ENERO;PUNO;0;1;0;0;1
2021;ENERO;SAN MARTIN;0;0;1;0;1
2021;ENERO;TACNA;0;4;0;0;4
2021;ENERO;TUMBES;0;1;0;0;1
2021;ENERO;UCAYALI;0;0;0;0;0
2021;FEBRERO;AMAZONAS;0;0;0;0;0
2021;FEBRERO;ANCASH;2;32;0;0;34
2021;FEBRERO;APURIMAC;2;6;0;0;8
2021;FEBRERO;AREQUIPA;0;102;8;0;110
2021;FEBRERO;AYACUCHO;0;1;0;0;1
2021;FEBRERO;CAJAMARCA;0;3;1;0;4
2021;FEBRERO;CALLAO;2;161;2;0;165
2021;FEBRERO;CUSCO;0;8;1;0;9
2021;FEBRERO;HUANCAVELICA;0;0;1;0;1
2021;FEBRERO;HUANUCO;0;0;0;0;0
2021;FEBRERO;ICA;0;0;0;0;0
2021;FEBRERO;JUNIN;1;4;0;0;5
2021;FEBRERO;LA LIBERTAD;1;5;1;0;7
2021;FEBRERO;LAMBAYEQUE;2;1;0;0;3
2021;FEBRERO;LIMA METROPOLITANA;10;1,530;13;97;1650
2021;FEBRERO;LIMA;0;15;0;0;15
2021;FEBRERO;LORETO;0;0;0;0;0
2021;FEBRERO;MADRE DE DIOS;0;0;0;0;0
2021;FEBRERO;MOQUEGUA;1;2;1;0;4
2021;FEBRERO;PASCO;0;2;0;0;2
2021;FEBRERO;PIURA;1;16;1;0;18
2021;FEBRERO;PUNO;0;0;0;0;0
2021;FEBRERO;SAN MARTIN;0;0;0;0;0
2021;FEBRERO;TACNA;0;8;0;0;8
2021;FEBRERO;TUMBES;0;1;0;0;1
2021;FEBRERO;UCAYALI;0;0;0;0;0
2021;MARZO;AMAZONAS;0;0;0;0;0
2021;MARZO;ANCASH;0;24;0;0;24
2021;MARZO;APURIMAC;0;0;0;0;0
2021;MARZO;AREQUIPA;0;173;9;0;182
2021;MARZO;AYACUCHO;0;0;0;0;0
2021;MARZO;CAJAMARCA;1;1;1;0;3
2021;MARZO;CALLAO;2;253;2;0;257
2021;MARZO;CUSCO;2;11;0;11;24
2021;MARZO;HUANCAVELICA;0;0;2;0;2
2021;MARZO;HUANUCO;0;0;0;0;0
2021;MARZO;ICA;0;2;0;0;2
2021;MARZO;JUNIN;1;4;1;0;6
2021;MARZO;LA LIBERTAD;6;3;2;0;11
2021;MARZO;LAMBAYEQUE;1;1;1;0;3
2021;MARZO;LIMA METROPOLITANA;8;1,893;28;2;1931
2021;MARZO;LIMA;1;8;0;0;9
2021;MARZO;LORETO;0;1;0;0;1
2021;MARZO;MADRE DE DIOS;0;0;0;0;0
2021;MARZO;MOQUEGUA;0;2;0;0;2
2021;MARZO;PASCO;1;10;0;0;11
2021;MARZO;PIURA;0;26;0;0;26
2021;MARZO;PUNO;0;0;0;0;0
2021;MARZO;SAN MARTIN;1;0;0;0;1
2021;MARZO;TACNA;0;2;3;0;5
2021;MARZO;TUMBES;0;1;0;0;1
2021;MARZO;UCAYALI;0;0;0;0;0
2021;ABRIL;AMAZONAS;0;0;0;0;0
2021;ABRIL;ANCASH;0;4;0;0;4
2021;ABRIL;APURIMAC;0;0;0;0;0
2021;ABRIL;AREQUIPA;1;211;5;0;217
2021;ABRIL;AYACUCHO;0;1;0;0;1
2021;ABRIL;CAJAMARCA;0;28;0;0;28
2021;ABRIL;CALLAO;1;290;1;0;292
2021;ABRIL;CUSCO;0;7;0;3;10
2021;ABRIL;HUANCAVELICA;0;11;0;0;11
2021;ABRIL;HUANUCO;0;0;0;0;0
2021;ABRIL;ICA;0;5;2;0;7
2021;ABRIL;JUNIN;1;6;0;0;7
2021;ABRIL;LA LIBERTAD;0;11;0;0;11
2021;ABRIL;LAMBAYEQUE;0;3;0;0;3
2021;ABRIL;LIMA METROPOLITANA;4;1,598;20;22;1644
2021;ABRIL;LIMA;0;6;1;0;7
2021;ABRIL;LORETO;0;1;0;0;1
2021;ABRIL;MADRE DE DIOS;0;0;0;0;0
2021;ABRIL;MOQUEGUA;0;3;0;0;3
2021;ABRIL;PASCO;0;9;0;0;9
2021;ABRIL;PIURA;1;12;1;0;14
2021;ABRIL;PUNO;0;1;3;0;4
2021;ABRIL;SAN MARTIN;0;0;1;0;1
2021;ABRIL;TACNA;0;3;0;0;3
2021;ABRIL;TUMBES;0;0;0;0;0
2021;ABRIL;UCAYALI;0;0;1;0;1
2021;MAYO;AMAZONAS;0;3;0;0;3
2021;MAYO;ANCASH;0;20;8;0;28
2021;MAYO;APURIMAC;0;2;0;0;2
2021;MAYO;AREQUIPA;0;184;4;0;188
2021;MAYO;AYACUCHO;0;1;0;0;1
2021;MAYO;CAJAMARCA;0;58;0;0;58
2021;MAYO;CALLAO;0;267;1;0;268
2021;MAYO;CUSCO;0;11;0;48;59
2021;MAYO;HUANCAVELICA;0;0;1;0;1
2021;MAYO;HUANUCO;0;1;0;0;1
2021;MAYO;ICA;0;6;0;0;6
2021;MAYO;JUNIN;0;10;0;0;10
2021;MAYO;LA LIBERTAD;1;9;0;0;10
2021;MAYO;LAMBAYEQUE;0;2;0;0;2
2021;MAYO;LIMA METROPOLITANA;4;1,799;22;71;1896
2021;MAYO;LIMA;3;10;2;1;16
2021;MAYO;LORETO;1;1;0;0;2
2021;MAYO;MADRE DE DIOS;0;0;0;0;0
2021;MAYO;MOQUEGUA;0;5;0;0;5
2021;MAYO;PASCO;0;5;0;1;6
2021;MAYO;PIURA;2;12;3;0;17
2021;MAYO;PUNO;0;1;1;0;2
2021;MAYO;SAN MARTIN;2;0;1;0;3
2021;MAYO;TACNA;0;2;0;0;2
2021;MAYO;TUMBES;0;0;0;0;0
2021;MAYO;UCAYALI;0;0;0;0;0
2021;JUNIO;AMAZONAS;0;0;0;0;0
2021;JUNIO;ANCASH;0;6;3;0;9
2021;JUNIO;APURIMAC;0;0;0;0;0
2021;JUNIO;AREQUIPA;2;91;1;0;94
2021;JUNIO;AYACUCHO;5;0;0;0;5
2021;JUNIO;CAJAMARCA;1;2;1;0;4
2021;JUNIO;CALLAO;1;138;0;0;139
2021;JUNIO;CUSCO;0;7;0;19;26
2021;JUNIO;HUANCAVELICA;0;0;0;0;0
2021;JUNIO;HUANUCO;0;0;0;0;0
2021;JUNIO;ICA;0;6;1;0;7
2021;JUNIO;JUNIN;0;9;0;0;9
2021;JUNIO;LA LIBERTAD;3;18;4;0;25
2021;JUNIO;LAMBAYEQUE;0;2;0;0;2
2021;JUNIO;LIMA METROPOLITANA;25;1,276;7;0;1308
2021;JUNIO;LIMA;1;10;0;0;11
2021;JUNIO;LORETO;0;0;0;0;0
2021;JUNIO;MADRE DE DIOS;0;0;0;0;0
2021;JUNIO;MOQUEGUA;0;4;0;0;4
2021;JUNIO;PASCO;0;33;0;0;33
2021;JUNIO;PIURA;0;42;1;0;43
2021;JUNIO;PUNO;0;0;0;0;0
2021;JUNIO;SAN MARTIN;0;0;0;0;0
2021;JUNIO;TACNA;0;3;0;0;3
2021;JUNIO;TUMBES;0;2;0;0;2
2021;JUNIO;UCAYALI;0;1;1;0;2
2021;JULIO;AMAZONAS;0;0;0;0;0
2021;JULIO;ANCASH;1;7;0;0;8
2021;JULIO;APURIMAC;0;0;0;0;0
2021;JULIO;AREQUIPA;0;304;1;0;305
2021;JULIO;AYACUCHO;0;4;0;0;4
2021;JULIO;CAJAMARCA;0;14;1;0;15
2021;JULIO;CALLAO;1;260;17;0;278
2021;JULIO;CUSCO;0;4;0;0;4
2021;JULIO;HUANCAVELICA;0;2;0;0;2
2021;JULIO;HUANUCO;1;0;1;0;2
2021;JULIO;ICA;0;2;1;0;3
2021;JULIO;JUNIN;0;15;0;0;15
2021;JULIO;LA LIBERTAD;1;36;0;0;37
2021;JULIO;LAMBAYEQUE;1;1;0;0;2
2021;JULIO;LIMA METROPOLITANA;1;1,975;12;14;2002
2021;JULIO;LIMA;3;27;0;0;30
2021;JULIO;LORETO;0;1;0;0;1
2021;JULIO;MADRE DE DIOS;0;0;0;0;0
2021;JULIO;MOQUEGUA;0;6;0;0;6
2021;JULIO;PASCO;0;6;0;0;6
2021;JULIO;PIURA;1;89;0;0;90
2021;JULIO;PUNO;0;1;3;0;4
2021;JULIO;SAN MARTIN;1;0;0;0;1
2021;JULIO;TACNA;0;0;0;0;0
2021;JULIO;TUMBES;0;3;0;0;3
2021;JULIO;UCAYALI;0;1;0;0;1
2021;AGOSTO;AMAZONAS;0;0;0;0;0
2021;AGOSTO;ANCASH;0;1;3;0;4
2021;AGOSTO;APURIMAC;3;11;2;0;16
2021;AGOSTO;AREQUIPA;1;234;14;1;250
2021;AGOSTO;AYACUCHO;0;0;0;0;0
2021;AGOSTO;CAJAMARCA;0;7;0;0;7
2021;AGOSTO;CALLAO;0;248;2;0;250
2021;AGOSTO;CUSCO;0;10;0;1;11
2021;AGOSTO;HUANCAVELICA;0;1;0;0;1
2021;AGOSTO;HUANUCO;1;1;0;0;2
2021;AGOSTO;ICA;1;30;1;0;32
2021;AGOSTO;JUNIN;0;5;0;0;5
2021;AGOSTO;LA LIBERTAD;2;30;0;0;32
2021;AGOSTO;LAMBAYEQUE;2;1;0;0;3
2021;AGOSTO;LIMA METROPOLITANA;20;1,631;16;5;1672
2021;AGOSTO;LIMA;2;85;0;0;87
2021;AGOSTO;LORETO;0;0;1;0;1
2021;AGOSTO;MADRE DE DIOS;0;1;0;0;1
2021;AGOSTO;MOQUEGUA;0;6;0;0;6
2021;AGOSTO;PASCO;0;6;0;0;6
2021;AGOSTO;PIURA;0;39;0;0;39
2021;AGOSTO;PUNO;1;0;0;0;1
2021;AGOSTO;SAN MARTIN;1;1;0;0;2
2021;AGOSTO;TACNA;0;5;0;0;5
2021;AGOSTO;TUMBES;0;3;0;0;3
2021;AGOSTO;UCAYALI;1;1;0;0;2
2021;SETIEMBRE;AMAZONAS;0;0;0;0;0
2021;SETIEMBRE;ANCASH;0;27;2;0;29
2021;SETIEMBRE;APURIMAC;1;1;1;0;3
2021;SETIEMBRE;AREQUIPA;0;180;10;0;190
2021;SETIEMBRE;AYACUCHO;0;0;0;0;0
2021;SETIEMBRE;CAJAMARCA;0;9;3;0;12
2021;SETIEMBRE;CALLAO;0;260;3;0;263
2021;SETIEMBRE;CUSCO;1;3;0;0;4
2021;SETIEMBRE;HUANCAVELICA;0;1;0;1;2
2021;SETIEMBRE;HUANUCO;0;1;0;0;1
2021;SETIEMBRE;ICA;0;35;5;0;40
2021;SETIEMBRE;JUNIN;2;9;1;0;12
2021;SETIEMBRE;LA LIBERTAD;2;9;9;0;20
2021;SETIEMBRE;LAMBAYEQUE;0;3;0;0;3
2021;SETIEMBRE;LIMA METROPOLITANA;3;1,552;22;6;1583
2021;SETIEMBRE;LIMA;1;31;2;1;35
2021;SETIEMBRE;LORETO;0;0;0;0;0
2021;SETIEMBRE;MADRE DE DIOS;0;0;0;0;0
2021;SETIEMBRE;MOQUEGUA;0;2;0;0;2
2021;SETIEMBRE;PASCO;0;7;0;0;7
2021;SETIEMBRE;PIURA;1;50;3;0;54
2021;SETIEMBRE;PUNO;0;2;0;0;2
2021;SETIEMBRE;SAN MARTIN;0;1;0;0;1
2021;SETIEMBRE;TACNA;0;0;0;0;0
2021;SETIEMBRE;TUMBES;0;1;1;0;2
2021;SETIEMBRE;UCAYALI;0;0;0;0;0
2021;OCTUBRE;AMAZONAS;0;1;0;0;1
2021;OCTUBRE;ANCASH;1;8;2;0;11
2021;OCTUBRE;APURIMAC;0;0;0;0;0
2021;OCTUBRE;AREQUIPA;1;187;7;0;195
2021;OCTUBRE;AYACUCHO;0;0;0;2;2
2021;OCTUBRE;CAJAMARCA;0;8;0;0;8
2021;OCTUBRE;CALLAO;3;227;2;0;232
2021;OCTUBRE;CUSCO;2;11;0;4;17
2021;OCTUBRE;HUANCAVELICA;0;7;0;0;7
2021;OCTUBRE;HUANUCO;0;0;0;0;0
2021;OCTUBRE;ICA;0;21;1;0;22
2021;OCTUBRE;JUNIN;0;3;1;0;4
2021;OCTUBRE;LA LIBERTAD;2;31;0;0;33
2021;OCTUBRE;LAMBAYEQUE;0;1;2;0;3
2021;OCTUBRE;LIMA METROPOLITANA;3;1,625;16;2;1646
2021;OCTUBRE;LIMA;0;15;4;0;19
2021;OCTUBRE;LORETO;0;0;1;0;1
2021;OCTUBRE;MADRE DE DIOS;0;0;0;0;0
2021;OCTUBRE;MOQUEGUA;0;8;2;0;10
2021;OCTUBRE;PASCO;0;5;3;0;8
2021;OCTUBRE;PIURA;1;37;0;0;38
2021;OCTUBRE;PUNO;0;0;0;0;0
2021;OCTUBRE;SAN MARTIN;0;0;0;0;0
2021;OCTUBRE;TACNA;0;3;0;0;3
2021;OCTUBRE;TUMBES;0;1;0;0;1
2021;OCTUBRE;UCAYALI;0;0;0;0;0
2021;NOVIEMBRE;AMAZONAS;0;0;0;0;0
2021;NOVIEMBRE;ANCASH;0;22;9;0;31
2021;NOVIEMBRE;APURIMAC;0;0;0;0;0
2021;NOVIEMBRE;AREQUIPA;2;190;7;0;199
2021;NOVIEMBRE;AYACUCHO;0;0;0;1;1
2021;NOVIEMBRE;CAJAMARCA;0;10;0;0;10
2021;NOVIEMBRE;CALLAO;1;206;1;0;208
2021;NOVIEMBRE;CUSCO;1;10;1;1;13
2021;NOVIEMBRE;HUANCAVELICA;1;17;0;0;18
2021;NOVIEMBRE;HUANUCO;0;0;0;0;0
2021;NOVIEMBRE;ICA;0;34;0;0;34
2021;NOVIEMBRE;JUNIN;1;4;0;0;5
2021;NOVIEMBRE;LA LIBERTAD;1;30;0;0;31
2021;NOVIEMBRE;LAMBAYEQUE;0;4;0;0;4
2021;NOVIEMBRE;LIMA METROPOLITANA;5;1,999;23;4;2031
2021;NOVIEMBRE;LIMA;1;87;0;0;88
2021;NOVIEMBRE;LORETO;0;0;0;0;0
2021;NOVIEMBRE;MADRE DE DIOS;0;0;0;0;0
2021;NOVIEMBRE;MOQUEGUA;0;10;1;0;11
2021;NOVIEMBRE;PASCO;0;11;1;0;12
2021;NOVIEMBRE;PIURA;0;41;0;0;41
2021;NOVIEMBRE;PUNO;0;7;1;0;8
2021;NOVIEMBRE;SAN MARTIN;0;0;0;0;0
2021;NOVIEMBRE;TACNA;0;3;1;0;4
2021;NOVIEMBRE;TUMBES;0;2;1;0;3
2021;NOVIEMBRE;UCAYALI;1;0;0;0;1
2021;DICIEMBRE;AMAZONAS;0;1;0;0;1
2021;DICIEMBRE;ANCASH;0;14;3;0;17
2021;DICIEMBRE;APURIMAC;0;5;0;0;5
2021;DICIEMBRE;AREQUIPA;0;159;6;0;165
2021;DICIEMBRE;AYACUCHO;0;0;1;0;1
2021;DICIEMBRE;CAJAMARCA;0;11;0;0;11
2021;DICIEMBRE;CALLAO;0;190;4;0;194
2021;DICIEMBRE;CUSCO;1;12;4;0;17
2021;DICIEMBRE;HUANCAVELICA;1;5;0;0;6
2021;DICIEMBRE;HUANUCO;0;0;0;0;0
2021;DICIEMBRE;ICA;0;27;0;0;27
2021;DICIEMBRE;JUNIN;1;5;1;0;7
2021;DICIEMBRE;LA LIBERTAD;0;22;0;0;22
2021;DICIEMBRE;LAMBAYEQUE;1;3;0;0;4
2021;DICIEMBRE;LIMA METROPOLITANA;6;2,083;12;7;2108
2021;DICIEMBRE;LIMA;0;26;1;0;27
2021;DICIEMBRE;LORETO;0;1;0;0;1
2021;DICIEMBRE;MADRE DE DIOS;0;0;0;0;0
2021;DICIEMBRE;MOQUEGUA;0;7;0;0;7
2021;DICIEMBRE;PASCO;0;17;0;0;17
2021;DICIEMBRE;PIURA;1;40;0;0;41
2021;DICIEMBRE;PUNO;0;0;0;0;0
2021;DICIEMBRE;SAN MARTIN;0;0;0;0;0
2021;DICIEMBRE;TACNA;1;6;2;0;9
2021;DICIEMBRE;TUMBES;0;4;0;0;4
2021;DICIEMBRE;UCAYALI;0;1;0;0;1
2022;ENERO;AMAZONAS;0;0;0;0;0
2022;ENERO;ANCASH;1;16;2;0;19
2022;ENERO;APURIMAC;0;0;0;0;0
2022;ENERO;AREQUIPA;1;106;4;0;111
2022;ENERO;AYACUCHO;0;1;0;0;1
2022;ENERO;CAJAMARCA;0;7;1;0;8
2022;ENERO;CALLAO;0;90;1;0;91
2022;ENERO;CUSCO;0;5;0;0;5
2022;ENERO;HUANCAVELICA;0;1;0;0;1
2022;ENERO;HUANUCO;0;1;0;0;1
2022;ENERO;ICA;1;9;1;0;11
2022;ENERO;JUNIN;0;3;0;0;3
2022;ENERO;LA LIBERTAD;2;12;0;0;14
2022;ENERO;LAMBAYEQUE;0;0;0;0;0
2022;ENERO;LIMA METROPOLITANA;1;809;8;2;820
2022;ENERO;LIMA;1;18;1;1;21
2022;ENERO;LORETO;0;0;0;0;0
2022;ENERO;MADRE DE DIOS;0;1;0;0;1
2022;ENERO;MOQUEGUA;0;0;1;0;1
2022;ENERO;PASCO;0;7;0;0;7
2022;ENERO;PIURA;0;14;0;0;14
2022;ENERO;PUNO;0;0;0;0;0
2022;ENERO;SAN MARTIN;0;0;0;0;0
2022;ENERO;TACNA;0;3;0;0;3
2022;ENERO;TUMBES;0;0;0;0;0
2022;ENERO;UCAYALI;0;0;0;0;0
2022;FEBRERO;AMAZONAS;0;1;0;0;1
2022;FEBRERO;ANCASH;0;16;4;0;20
2022;FEBRERO;APURIMAC;0;3;0;0;3
2022;FEBRERO;AREQUIPA;1;85;7;0;93
2022;FEBRERO;AYACUCHO;0;0;0;0;0
2022;FEBRERO;CAJAMARCA;0;13;0;0;13
2022;FEBRERO;CALLAO;2;480;3;1;486
2022;FEBRERO;CUSCO;0;4;3;0;7
2022;FEBRERO;HUANCAVELICA;0;6;;0;6
2022;FEBRERO;HUANUCO;1;1;1;0;3
2022;FEBRERO;ICA;2;9;0;0;11
2022;FEBRERO;JUNIN;0;4;1;0;5
2022;FEBRERO;LA LIBERTAD;3;8;3;0;14
2022;FEBRERO;LAMBAYEQUE;1;3;1;0;5
2022;FEBRERO;LIMA METROPOLITANA;9;2,822;11;0;2842
2022;FEBRERO;LIMA;1;13;0;0;14
2022;FEBRERO;LORETO;0;0;0;0;0
2022;FEBRERO;MADRE DE DIOS;0;0;0;0;0
2022;FEBRERO;MOQUEGUA;1;6;1;0;8
2022;FEBRERO;PASCO;0;10;0;0;10
2022;FEBRERO;PIURA;0;33;0;0;33
2022;FEBRERO;PUNO;0;2;1;0;3
2022;FEBRERO;SAN MARTIN;1;1;0;0;2
2022;FEBRERO;TACNA;0;2;1;0;3
2022;FEBRERO;TUMBES;0;2;0;0;2
2022;FEBRERO;UCAYALI;0;1;0;0;1
2022;MARZO;AMAZONAS;0;0;0;0;0
2022;MARZO;ANCASH;0;50;5;0;55
2022;MARZO;APURIMAC;0;1;0;0;1
2022;MARZO;AREQUIPA;0;199;4;1;204
2022;MARZO;AYACUCHO;1;1;1;0;3
2022;MARZO;CAJAMARCA;0;2;1;0;3
2022;MARZO;CALLAO;0;475;5;0;480
2022;MARZO;CUSCO;1;4;7;0;12
2022;MARZO;HUANCAVELICA;0;1;0;0;1
2022;MARZO;HUANUCO;0;0;1;0;1
2022;MARZO;ICA;0;4;1;0;5
2022;MARZO;JUNIN;0;4;0;0;4
2022;MARZO;LA LIBERTAD;1;4;2;0;7
2022;MARZO;LAMBAYEQUE;1;6;0;0;7
2022;MARZO;LIMA METROPOLITANA;5;2,337;30;4;2376
2022;MARZO;LIMA;0;10;0;0;10
2022;MARZO;LORETO;0;0;0;0;0
2022;MARZO;MADRE DE DIOS;0;0;0;0;0
2022;MARZO;MOQUEGUA;1;2;2;0;5
2022;MARZO;PASCO;1;25;2;0;28
2022;MARZO;PIURA;0;51;0;0;51
2022;MARZO;PUNO;2;9;1;0;12
2022;MARZO;SAN MARTIN;0;0;1;0;1
2022;MARZO;TACNA;0;2;2;0;4
2022;MARZO;TUMBES;1;2;0;0;3
2022;MARZO;UCAYALI;0;0;0;0;0
2022;ABRIL;AMAZONAS;0;1;0;0;1
2022;ABRIL;ANCASH;1;40;4;0;45
2022;ABRIL;APURIMAC;0;0;0;0;0
2022;ABRIL;AREQUIPA;0;196;4;0;200
2022;ABRIL;AYACUCHO;0;0;0;0;0
2022;ABRIL;CAJAMARCA;0;15;0;0;15
2022;ABRIL;CALLAO;2;277;2;0;281
2022;ABRIL;CUSCO;0;6;0;0;6
2022;ABRIL;HUANCAVELICA;0;6;0;1;7
2022;ABRIL;HUANUCO;0;0;0;0;0
2022;ABRIL;ICA;0;6;0;0;6
2022;ABRIL;JUNIN;0;4;0;0;4
2022;ABRIL;LA LIBERTAD;1;9;1;0;11
2022;ABRIL;LAMBAYEQUE;0;2;1;0;3
2022;ABRIL;LIMA METROPOLITANA;6;2,126;13;4;2149
2022;ABRIL;LIMA;3;8;1;0;12
2022;ABRIL;LORETO;0;2;0;0;2
2022;ABRIL;MADRE DE DIOS;0;0;0;0;0
2022;ABRIL;MOQUEGUA;0;8;2;0;10
2022;ABRIL;PASCO;0;6;0;1;7
2022;ABRIL;PIURA;1;19;0;0;20
2022;ABRIL;PUNO;0;4;0;0;4
2022;ABRIL;SAN MARTIN;1;0;0;0;1
2022;ABRIL;TACNA;0;30;1;0;31
2022;ABRIL;TUMBES;1;0;0;0;1
2022;ABRIL;UCAYALI;0;0;1;0;1
2022;MAYO;AMAZONAS;0;1;0;0;1
2022;MAYO;ANCASH;0;38;5;0;43
2022;MAYO;APURIMAC;0;0;1;0;1
2022;MAYO;AREQUIPA;0;239;5;1;245
2022;MAYO;AYACUCHO;0;6;0;0;6
2022;MAYO;CAJAMARCA;0;8;0;0;8
2022;MAYO;CALLAO;1;271;1;0;273
2022;MAYO;CUSCO;0;9;2;0;11
2022;MAYO;HUANCAVELICA;0;5;0;0;5
2022;MAYO;HUANUCO;0;0;0;0;0
2022;MAYO;ICA;1;19;3;0;23
2022;MAYO;JUNIN;1;2;0;0;3
2022;MAYO;LA LIBERTAD;1;28;2;0;31
2022;MAYO;LAMBAYEQUE;0;0;0;0;0
2022;MAYO;LIMA METROPOLITANA;4;2,345;17;4;2370
2022;MAYO;LIMA;1;11;1;0;13
2022;MAYO;LORETO;1;0;0;0;1
2022;MAYO;MADRE DE DIOS;0;0;0;0;0
2022;MAYO;MOQUEGUA;0;3;0;0;3
2022;MAYO;PASCO;0;10;0;0;10
2022;MAYO;PIURA;0;31;0;0;31
2022;MAYO;PUNO;0;4;0;0;4
2022;MAYO;SAN MARTIN;1;0;0;0;1
2022;MAYO;TACNA;0;9;3;0;12
2022;MAYO;TUMBES;0;1;0;0;1
2022;MAYO;UCAYALI;0;0;2;0;2
2022;JUNIO;AMAZONAS;0;0;0;0;0
2022;JUNIO;ANCASH;0;1;3;0;4
2022;JUNIO;APURIMAC;1;3;2;0;6
2022;JUNIO;AREQUIPA;1;79;4;0;84
2022;JUNIO;AYACUCHO;1;2;0;0;3
2022;JUNIO;CAJAMARCA;6;17;0;0;23
2022;JUNIO;CALLAO;1;99;0;0;100
2022;JUNIO;CUSCO;0;13;4;0;17
2022;JUNIO;HUANCAVELICA;0;3;1;0;4
2022;JUNIO;HUANUCO;0;1;3;0;4
2022;JUNIO;ICA;3;33;2;1;39
2022;JUNIO;JUNIN;0;13;4;0;17
2022;JUNIO;LA LIBERTAD;1;8;1;0;10
2022;JUNIO;LAMBAYEQUE;0;33;0;0;33
2022;JUNIO;LIMA;50;1,011;24;22;1107
2022;JUNIO;LORETO;1;0;0;0;1
2022;JUNIO;MADRE DE DIOS;0;0;0;0;0
2022;JUNIO;MOQUEGUA;0;45;0;0;45
2022;JUNIO;PASCO;0;14;2;0;16
2022;JUNIO;PIURA;2;24;1;0;27
2022;JUNIO;PUNO;0;0;0;0;0
2022;JUNIO;SAN MARTIN;1;0;1;0;2
2022;JUNIO;TACNA;0;16;3;0;19
2022;JUNIO;TUMBES;0;0;0;0;0
2022;JUNIO;UCAYALI;0;0;0;0;0
2022;JULIO;AMAZONAS;0;1;0;0;1
2022;JULIO;ANCASH;0;2;3;0;5
2022;JULIO;APURIMAC;0;0;0;0;0
2022;JULIO;AREQUIPA;29;170;2;1;202
2022;JULIO;AYACUCHO;0;3;0;0;3
2022;JULIO;CAJAMARCA;0;14;0;0;14
2022;JULIO;CALLAO;4;153;2;0;159
2022;JULIO;CUSCO;1;14;3;0;18
2022;JULIO;HUANCAVELICA;0;9;0;0;9
2022;JULIO;HUANUCO;0;1;1;0;2
2022;JULIO;ICA;1;49;0;0;50
2022;JULIO;JUNIN;0;6;1;0;7
2022;JULIO;LA LIBERTAD;1;13;2;0;16
2022;JULIO;LAMBAYEQUE;0;1;0;0;1
2022;JULIO;LIMA;19;1,706;18;26;1769
2022;JULIO;LORETO;0;1;0;0;1
2022;JULIO;MADRE DE DIOS;0;0;0;0;0
2022;JULIO;MOQUEGUA;0;47;0;20;67
2022;JULIO;PASCO;0;8;0;0;8
2022;JULIO;PIURA;1;13;1;1;16
2022;JULIO;PUNO;0;1;0;0;1
2022;JULIO;SAN MARTIN;0;1;1;0;2
2022;JULIO;TACNA;0;29;2;0;31
2022;JULIO;TUMBES;0;0;0;0;0
2022;JULIO;UCAYALI;0;1;0;0;1
2022;AGOSTO;AMAZONAS;0;0;0;0;0
2022;AGOSTO;ANCASH;2;83;10;0;95
2022;AGOSTO;APURIMAC;1;1;0;0;2
2022;AGOSTO;AREQUIPA;1;242;3;0;246
2022;AGOSTO;AYACUCHO;1;3;1;0;5
2022;AGOSTO;CAJAMARCA;0;19;0;0;19
2022;AGOSTO;CALLAO;0;335;2;0;337
2022;AGOSTO;CUSCO;3;21;8;0;32
2022;AGOSTO;HUANCAVELICA;0;16;0;0;16
2022;AGOSTO;HUANUCO;0;0;4;0;4
2022;AGOSTO;ICA;2;13;0;0;15
2022;AGOSTO;JUNIN;0;34;2;0;36
2022;AGOSTO;LA LIBERTAD;4;23;6;0;33
2022;AGOSTO;LAMBAYEQUE;1;1;0;0;2
2022;AGOSTO;LIMA;20;1,854;22;4;1900
2022;AGOSTO;MADRE DE DIOS;0;0;0;0;0
2022;AGOSTO;MOQUEGUA;0;6;0;14;20
2022;AGOSTO;PASCO;0;68;0;0;68
2022;AGOSTO;PIURA;0;29;1;0;30
2022;AGOSTO;PUNO;2;0;1;0;3
2022;AGOSTO;SAN MARTIN;1;3;0;0;4
2022;AGOSTO;TACNA;1;24;2;0;27
2022;AGOSTO;TUMBES;0;0;0;0;0
2022;AGOSTO;UCAYALI;0;0;0;0;0
2022;SETIEMBRE;AMAZONAS;0;1;0;0;1
2022;SETIEMBRE;ANCASH;1;14;5;0;20
2022;SETIEMBRE;APURIMAC;0;2;0;0;2
2022;SETIEMBRE;AREQUIPA;20;231;3;0;254
2022;SETIEMBRE;AYACUCHO;1;5;0;0;6
2022;SETIEMBRE;CAJAMARCA;0;16;0;0;16
2022;SETIEMBRE;CALLAO;5;294;6;0;305
2022;SETIEMBRE;CUSCO;1;58;27;0;86
2022;SETIEMBRE;HUANCAVELICA;0;12;0;0;12
2022;SETIEMBRE;HUANUCO;1;2;0;0;3
2022;SETIEMBRE;ICA;1;36;2;0;39
2022;SETIEMBRE;JUNIN;1;27;0;0;28
2022;SETIEMBRE;LA LIBERTAD;1;16;5;0;22
2022;SETIEMBRE;LAMBAYEQUE;1;2;1;0;4
2022;SETIEMBRE;LIMA;38;2,739;19;2;2798
2022;SETIEMBRE;MADRE DE DIOS;0;0;0;0;0
2022;SETIEMBRE;MOQUEGUA;0;87;1;15;103
2022;SETIEMBRE;PASCO;0;8;0;0;8
2022;SETIEMBRE;PIURA;1;23;1;0;25
2022;SETIEMBRE;PUNO;1;0;2;0;3
2022;SETIEMBRE;SAN MARTIN;0;0;0;0;0
2022;SETIEMBRE;TACNA;0;16;6;0;22
2022;SETIEMBRE;TUMBES;0;5;0;0;5
2022;SETIEMBRE;UCAYALI;0;0;0;0;0
2022;OCTUBRE;AMAZONAS;0;1;0;0;1
2022;OCTUBRE;ANCASH;2;26;0;0;28
2022;OCTUBRE;APURIMAC;1;11;0;0;12
2022;OCTUBRE;AREQUIPA;15;234;3;1;253
2022;OCTUBRE;AYACUCHO;0;5;0;0;5
2022;OCTUBRE;CAJAMARCA;0;9;0;0;9
2022;OCTUBRE;CALLAO;3;281;2;0;286
2022;OCTUBRE;CUSCO;0;29;18;0;47
2022;OCTUBRE;HUANCAVELICA;0;5;0;0;5
2022;OCTUBRE;HUANUCO;0;3;0;0;3
2022;OCTUBRE;ICA;0;12;0;0;12
2022;OCTUBRE;JUNIN;0;6;0;0;6
2022;OCTUBRE;LA LIBERTAD;4;32;2;0;38
2022;OCTUBRE;LAMBAYEQUE;2;11;0;0;13
2022;OCTUBRE;LIMA;13;2,264;19;2;2298
2022;OCTUBRE;LORETO;0;1;0;0;1
2022;OCTUBRE;MADRE DE DIOS;2;0;0;0;2
2022;OCTUBRE;MOQUEGUA;0;24;0;32;56
2022;OCTUBRE;PASCO;0;66;0;0;66
2022;OCTUBRE;PIURA;1;58;0;0;59
2022;OCTUBRE;PUNO;0;2;1;0;3
2022;OCTUBRE;SAN MARTIN;0;0;0;0;0
2022;OCTUBRE;TACNA;0;17;0;0;17
2022;OCTUBRE;TUMBES;0;6;0;0;6
2022;OCTUBRE;UCAYALI;0;0;1;0;1
2022;NOVIEMBRE;LIMA;5;2,097;29;15;2146
2022;NOVIEMBRE;AREQUIPA;15;283;5;0;303
2022;NOVIEMBRE;ANCASH;1;165;0;0;166
2022;NOVIEMBRE;CALLAO;3;154;2;0;159
2022;NOVIEMBRE;LAMBAYEQUE;1;119;0;0;120
2022;NOVIEMBRE;LA LIBERTAD;1;59;2;0;62
2022;NOVIEMBRE;ICA;0;34;0;0;34
2022;NOVIEMBRE;CUSCO;1;29;9;0;39
2022;NOVIEMBRE;TACNA;0;24;4;0;28
2022;NOVIEMBRE;JUNIN;3;19;0;0;22
2022;NOVIEMBRE;HUANUCO;0;17;1;0;18
2022;NOVIEMBRE;CAJAMARCA;0;15;0;0;15
2022;NOVIEMBRE;PASCO;1;15;0;0;16
2022;NOVIEMBRE;PIURA;0;11;1;0;12
2022;NOVIEMBRE;HUANCAVELICA;0;7;0;0;7
2022;NOVIEMBRE;MOQUEGUA;0;7;0;238;245
2022;NOVIEMBRE;AYACUCHO;0;4;0;0;4
2022;NOVIEMBRE;PUNO;1;2;1;0;4
2022;NOVIEMBRE;SAN MARTIN;0;2;0;0;2
2022;NOVIEMBRE;APURIMAC;1;1;0;0;2
2022;NOVIEMBRE;UCAYALI;0;1;0;0;1
2022;NOVIEMBRE;AMAZONAS;0;0;0;0;0
2022;NOVIEMBRE;LORETO;0;0;0;0;0
2022;NOVIEMBRE;MADRE DE DIOS;0;0;0;0;0
2022;NOVIEMBRE;TUMBES;0;0;0;0;0
2022;DICIEMBRE;LIMA;5;1,621;13;1;1640
2022;DICIEMBRE;AREQUIPA;0;250;2;0;252
2022;DICIEMBRE;CALLAO;0;177;1;0;178
2022;DICIEMBRE;ANCASH;1;91;6;0;98
2022;DICIEMBRE;LAMBAYEQUE;2;47;0;0;49
2022;DICIEMBRE;MOQUEGUA;1;44;0;0;45
2022;DICIEMBRE;PASCO;0;34;2;0;36
2022;DICIEMBRE;ICA;1;24;1;0;26
2022;DICIEMBRE;JUNIN;2;20;0;0;22
2022;DICIEMBRE;CUSCO;2;14;3;0;19
2022;DICIEMBRE;LA LIBERTAD;4;14;5;0;23
2022;DICIEMBRE;CAJAMARCA;0;9;0;0;9
2022;DICIEMBRE;HUANCAVELICA;0;8;0;0;8
2022;DICIEMBRE;TACNA;1;8;0;0;9
2022;DICIEMBRE;PIURA;2;7;3;0;12
2022;DICIEMBRE;APURIMAC;0;4;1;0;5
2022;DICIEMBRE;HUANUCO;1;4;1;0;6
2022;DICIEMBRE;AYACUCHO;1;2;0;0;3
2022;DICIEMBRE;TUMBES;1;2;2;0;5
2022;DICIEMBRE;PUNO;0;1;0;0;1
2022;DICIEMBRE;MADRE DE DIOS;0;0;2;0;2
2022;DICIEMBRE;SAN MARTIN;0;0;2;0;2
2022;DICIEMBRE;AMAZONAS;1;1;0;0;2
2022;DICIEMBRE;UCAYALI;0;1;0;0;1
2023;ENERO;AMAZONAS;0;0;0;0;0
2023;ENERO;ANCASH;0;112;4;0;116
2023;ENERO;APURIMAC;0;1;0;0;1
2023;ENERO;AREQUIPA;0;297;1;0;298
2023;ENERO;AYACUCHO;0;4;0;0;4
2023;ENERO;CAJAMARCA;3;18;0;0;21
2023;ENERO;CALLAO;1;246;1;0;248
2023;ENERO;CUSCO;1;18;0;0;19
2023;ENERO;HUANCAVELICA;0;4;0;0;4
2023;ENERO;HUANUCO;0;4;0;0;4
2023;ENERO;ICA;0;22;3;0;25
2023;ENERO;JUNIN;0;14;0;0;14
2023;ENERO;LA LIBERTAD;1;22;2;0;25
2023;ENERO;LAMBAYEQUE;1;46;1;0;48
2023;ENERO;LIMA;25;2,351;16;8;2400
2023;ENERO;LORETO;0;1;2;0;3
2023;ENERO;MADRE DE DIOS;0;0;0;0;0
2023;ENERO;MOQUEGUA;1;6;0;1;8
2023;ENERO;PASCO;0;29;1;0;30
2023;ENERO;PIURA;0;121;0;0;121
2023;ENERO;PUNO;1;1;0;0;2
2023;ENERO;SAN MARTIN;1;0;0;0;1
2023;ENERO;TACNA;0;9;0;0;9
2023;ENERO;TUMBES;0;4;0;0;4
2023;ENERO;UCAYALI;0;1;0;0;1
2023;FEBRERO;AMAZONAS;0;1;0;0;1
2023;FEBRERO;ANCASH;4;114;7;0;125
2023;FEBRERO;APURIMAC;0;0;0;0;0
2023;FEBRERO;AREQUIPA;0;222;1;1;224
2023;FEBRERO;AYACUCHO;1;1;0;0;2
2023;FEBRERO;CAJAMARCA;0;10;1;0;11
2023;FEBRERO;CALLAO;1;222;6;0;229
2023;FEBRERO;CUSCO;0;9;2;1;12
2023;FEBRERO;HUANCAVELICA;0;4;0;0;4
2023;FEBRERO;HUANUCO;1;48;1;0;50
2023;FEBRERO;ICA;0;14;3;0;17
2023;FEBRERO;JUNIN;0;12;0;0;12
2023;FEBRERO;LA LIBERTAD;2;38;4;0;44
2023;FEBRERO;LAMBAYEQUE;2;36;0;0;38
2023;FEBRERO;LIMA;11;2,006;19;3;2039
2023;FEBRERO;LORETO;0;2;1;0;3
2023;FEBRERO;MADRE DE DIOS;0;1;1;0;2
2023;FEBRERO;MOQUEGUA;0;36;1;2;39
2023;FEBRERO;PASCO;0;21;2;0;23
2023;FEBRERO;PIURA;1;130;1;0;132
2023;FEBRERO;PUNO;0;7;0;0;7
2023;FEBRERO;SAN MARTIN;1;5;1;0;7
2023;FEBRERO;TACNA;0;13;0;0;13
2023;FEBRERO;TUMBES;1;10;0;0;11
2023;FEBRERO;UCAYALI;0;1;0;0;1
2023;MARZO;ANCASH;3;134;4;0;141
2023;MARZO;APURIMAC;0;3;0;0;3
2023;MARZO;AREQUIPA;2;210;2;0;214
2023;MARZO;AYACUCHO;0;2;1;0;3
2023;MARZO;CAJAMARCA;0;95;0;0;95
2023;MARZO;CALLAO;2;288;5;0;295
2023;MARZO;CUSCO;2;14;3;0;19
2023;MARZO;HUANCAVELICA;1;3;;0;4
2023;MARZO;HUANUCO;0;25;1;0;26
2023;MARZO;ICA;0;16;0;0;16
2023;MARZO;JUNIN;0;14;2;0;16
2023;MARZO;LA LIBERTAD;3;7;11;0;21
2023;MARZO;LAMBAYEQUE;0;12;2;0;14
2023;MARZO;LIMA;19;2,031;9;17;2076
2023;MARZO;LORETO;0;17;1;0;18
2023;MARZO;MOQUEGUA;0;26;2;2;30
2023;MARZO;PASCO;0;13;1;0;14
2023;MARZO;PIURA;0;41;2;0;43
2023;MARZO;PUNO;0;1;0;0;1
2023;MARZO;SAN MARTIN;0;1;0;0;1
2023;MARZO;TACNA;0;10;1;0;11
2023;MARZO;TUMBES;0;4;0;0;4
2023;ABRIL;ANCASH;1;59;2;0;62
2023;ABRIL;APURIMAC;0;10;0;0;10
2023;ABRIL;AREQUIPA;1;180;4;0;185
2023;ABRIL;AYACUCHO;0;4;1;0;5
2023;ABRIL;CAJAMARCA;0;14;0;0;14
2023;ABRIL;CALLAO;2;164;3;0;169
2023;ABRIL;CUSCO;2;18;2;0;22
2023;ABRIL;HUANCAVELICA;0;9;0;0;9
2023;ABRIL;HUANUCO;1;0;1;0;2
2023;ABRIL;ICA;0;13;1;0;14
2023;ABRIL;JUNIN;0;20;0;0;20
2023;ABRIL;LA LIBERTAD;5;12;1;0;18
2023;ABRIL;LAMBAYEQUE;3;22;0;0;25
2023;ABRIL;LIMA;15;1,751;13;1;1780
2023;ABRIL;LORETO;1;9;1;0;11
2023;ABRIL;MOQUEGUA;1;6;0;0;7
2023;ABRIL;PASCO;0;32;0;0;32
2023;ABRIL;PIURA;0;43;0;1;44
2023;ABRIL;PUNO;0;0;1;0;1
2023;ABRIL;TACNA;0;20;0;0;20
2023;ABRIL;TUMBES;0;3;0;0;3
2023;ABRIL;UCAYALI;2;1;0;0;3
2023;MAYO;AMAZONAS;2;0;0;0;2
2023;MAYO;ANCASH;0;106;1;0;107
2023;MAYO;APURIMAC;0;1;0;0;1
2023;MAYO;AREQUIPA;28;168;1;1;198
2023;MAYO;AYACUCHO;0;5;0;0;5
2023;MAYO;CAJAMARCA;0;6;0;0;6
2023;MAYO;CALLAO;0;171;3;0;174
2023;MAYO;CUSCO;0;26;2;0;28
2023;MAYO;HUANCAVELICA;0;9;0;0;9
2023;MAYO;HUANUCO;1;6;3;0;10
2023;MAYO;ICA;0;14;1;0;15
2023;MAYO;JUNIN;0;33;2;0;35
2023;MAYO;LA LIBERTAD;1;20;4;0;25
2023;MAYO;LAMBAYEQUE;0;1;0;0;1
2023;MAYO;LIMA;7;1,726;20;9;1762
2023;MAYO;LORETO;0;9;3;0;12
2023;MAYO;MADRE DE DIOS;0;0;1;0;1
2023;MAYO;MOQUEGUA;0;65;0;0;65
2023;MAYO;PASCO;0;23;1;0;24
2023;MAYO;PIURA;1;23;0;0;24
2023;MAYO;PUNO;0;4;0;0;4
2023;MAYO;TACNA;0;16;1;0;17
2023;MAYO;TUMBES;1;3;0;0;4
2023;JUNIO;AMAZONAS;0;1;0;0;1
2023;JUNIO;ANCASH;3;72;6;0;81
2023;JUNIO;APURIMAC;0;2;0;0;2
2023;JUNIO;AREQUIPA;2;121;2;0;125
2023;JUNIO;AYACUCHO;1;3;0;0;4
2023;JUNIO;CAJAMARCA;0;13;0;0;13
2023;JUNIO;CALLAO;2;341;3;0;346
2023;JUNIO;CUSCO;0;10;3;0;13
2023;JUNIO;HUANCAVELICA;0;10;1;0;11
2023;JUNIO;HUANUCO;0;3;1;0;4
2023;JUNIO;ICA;0;18;1;0;19
2023;JUNIO;JUNIN;2;63;2;0;67
2023;JUNIO;LA LIBERTAD;5;10;10;0;25
2023;JUNIO;LAMBAYEQUE;0;6;0;0;6
2023;JUNIO;LIMA;15;2,293;22;28;2358
2023;JUNIO;LORETO;0;5;0;1;6
2023;JUNIO;MOQUEGUA;0;28;0;0;28
2023;JUNIO;PASCO;2;43;3;0;48
2023;JUNIO;PIURA;1;36;0;1;38
2023;JUNIO;PUNO;1;1;0;0;2
2023;JUNIO;SAN MARTIN;0;0;1;0;1
2023;JUNIO;TACNA;0;23;1;0;24
2023;JUNIO;TUMBES;0;5;0;0;5
2023;JUNIO;UCAYALI;0;1;0;0;1
2023;JULIO; ANCASH ;1;138;2;0;141
2023;JULIO; APURIMAC ;0;5;0;0;5
2023;JULIO; AREQUIPA ;1;316;4;0;321
2023;JULIO; AYACUCHO ;0;6;0;0;6
2023;JULIO; CAJAMARCA ;0;25;2;0;27
2023;JULIO; CALLAO ;1;503;16;0;520
2023;JULIO; CUSCO ;3;16;4;0;23
2023;JULIO; HUANCAVELICA ;3;7;0;0;10
2023;JULIO; HUANUCO ;0;6;2;0;8
2023;JULIO; ICA ;1;51;2;0;54
2023;JULIO; JUNIN ;4;30;0;0;34
2023;JULIO; LA LIBERTAD ;3;25;10;0;38
2023;JULIO; LAMBAYEQUE ;1;289;0;0;290
2023;JULIO; LIMA ;3;4,318;26;27;4374
2023;JULIO; LORETO ;0;31;0;0;31
2023;JULIO; MADRE DE DIOS ;1;0;0;0;1
2023;JULIO; MOQUEGUA ;0;26;2;18;46
2023;JULIO; PASCO ;0;45;0;0;45
2023;JULIO; PIURA ;0;35;2;0;37
2023;JULIO; PUNO ;2;0;0;0;2
2023;JULIO; TACNA ;0;43;4;0;47
2023;JULIO; TUMBES ;0;2;0;0;2
2023;AGOSTO; AMAZONAS ;1;0;0;0;1
2023;AGOSTO; ANCASH ;5;80;2;0;87
2023;AGOSTO; APURIMAC ;0;7;0;0;7
2023;AGOSTO; AREQUIPA ;4;330;2;0;336
2023;AGOSTO; AYACUCHO ;0;5;1;0;6
2023;AGOSTO; CAJAMARCA ;1;24;2;0;27
2023;AGOSTO; CALLAO ;2;256;4;0;262
2023;AGOSTO; CUSCO ;1;15;0;0;16
2023;AGOSTO; HUANCAVELICA ;0;17;0;0;17
2023;AGOSTO; HUANUCO ;0;1;1;0;2
2023;AGOSTO; ICA ;1;20;2;0;23
2023;AGOSTO; JUNIN ;3;21;3;0;27
2023;AGOSTO; LA LIBERTAD ;1;17;4;0;22
2023;AGOSTO; LAMBAYEQUE ;2;41;0;0;43
2023;AGOSTO; LIMA ;8;2,006;17;10;2041
2023;AGOSTO; LORETO ;0;39;0;0;39
2023;AGOSTO; MOQUEGUA ;1;31;0;0;32
2023;AGOSTO; PASCO ;0;27;2;0;29
2023;AGOSTO; PIURA ;2;6;1;0;9
2023;AGOSTO; PUNO ;0;10;0;0;10
2023;AGOSTO; SAN MARTIN ;1;0;1;0;2
2023;AGOSTO; TACNA ;0;16;3;0;19
2023;AGOSTO; TUMBES ;0;6;0;0;6
2023;AGOSTO; UCAYALI ;0;2;0;0;2
2023;SETIEMBRE; ANCASH ;1;92;5;0;98
2023;SETIEMBRE; APURIMAC ;0;20;0;0;20
2023;SETIEMBRE; AREQUIPA ;3;240;3;0;246
2023;SETIEMBRE; AYACUCHO ;0;5;0;0;5
2023;SETIEMBRE; CAJAMARCA ;0;15;0;0;15
2023;SETIEMBRE; CALLAO ;1;246;2;0;249
2023;SETIEMBRE; CUSCO ;1;17;1;0;19
2023;SETIEMBRE; HUANCAVELICA ;0;21;1;0;22
2023;SETIEMBRE; HUANUCO ;0;40;3;0;43
2023;SETIEMBRE; ICA ;0;13;2;0;15
2023;SETIEMBRE; JUNIN ;2;39;2;0;43
2023;SETIEMBRE; LA LIBERTAD ;0;17;3;0;20
2023;SETIEMBRE; LAMBAYEQUE ;0;50;0;0;50
2023;SETIEMBRE; LIMA ;16;1,931;16;20;1983
2023;SETIEMBRE; LORETO ;4;57;2;0;63
2023;SETIEMBRE; MADRE DE DIOS ;0;0;1;0;1
2023;SETIEMBRE; MOQUEGUA ;0;17;0;24;41
2023;SETIEMBRE; PASCO ;1;41;0;0;42
2023;SETIEMBRE; PIURA ;2;9;0;0;11
2023;SETIEMBRE; PUNO ;0;22;1;0;23
2023;SETIEMBRE; TACNA ;0;25;1;0;26
2023;SETIEMBRE; TUMBES ;0;6;0;0;6
2023;SETIEMBRE; UCAYALI ;0;41;1;0;42
2023;OCTUBRE; ANCASH ;3;166;4;0;173
2023;OCTUBRE; APURIMAC ;1;9;1;0;11
2023;OCTUBRE; AREQUIPA ;3;276;6;0;285
2023;OCTUBRE; AYACUCHO ;0;2;0;0;2
2023;OCTUBRE; CAJAMARCA ;2;8;1;0;11
2023;OCTUBRE; CALLAO ;0;244;3;0;247
2023;OCTUBRE; CUSCO ;1;14;4;0;19
2023;OCTUBRE; HUANCAVELICA ;0;17;1;0;18
2023;OCTUBRE; HUANUCO ;0;19;1;0;20
2023;OCTUBRE; ICA ;0;31;1;0;32
2023;OCTUBRE; JUNIN ;0;27;1;0;28
2023;OCTUBRE; LA LIBERTAD ;0;15;0;0;15
2023;OCTUBRE; LAMBAYEQUE ;0;42;2;0;44
2023;OCTUBRE; LIMA ;6;2,202;23;19;2250
2023;OCTUBRE; LORETO ;0;22;0;9;31
2023;OCTUBRE; MOQUEGUA ;1;44;4;0;49
2023;OCTUBRE; PASCO ;0;37;0;0;37
2023;OCTUBRE; PIURA ;1;28;2;0;31
2023;OCTUBRE; PUNO ;0;9;0;0;9
2023;OCTUBRE; TACNA ;0;16;3;0;19
2023;OCTUBRE; TUMBES ;0;3;0;0;3
2023;OCTUBRE; UCAYALI ;0;14;0;0;14
2023;NOVIEMBRE; ANCASH ;1;94;6;0;101
2023;NOVIEMBRE; APURIMAC ;0;5;1;0;6
2023;NOVIEMBRE; AREQUIPA ;8;225;0;0;233
2023;NOVIEMBRE; CAJAMARCA ;1;9;1;0;11
2023;NOVIEMBRE; CALLAO ;1;259;3;0;263
2023;NOVIEMBRE; CUSCO ;0;37;4;0;41
2023;NOVIEMBRE; HUANCAVELICA ;0;8;0;0;8
2023;NOVIEMBRE; HUANUCO ;0;2;3;0;5
2023;NOVIEMBRE; ICA ;0;17;1;0;18
2023;NOVIEMBRE; JUNIN ;1;50;1;0;52
2023;NOVIEMBRE; LA LIBERTAD ;0;19;3;0;22
2023;NOVIEMBRE; LAMBAYEQUE ;1;47;0;1;49
2023;NOVIEMBRE; LIMA ;25;2,376;19;6;2426
2023;NOVIEMBRE; LORETO ;1;39;0;0;40
2023;NOVIEMBRE; MOQUEGUA ;0;22;2;3;27
2023;NOVIEMBRE; PASCO ;0;21;0;0;21
2023;NOVIEMBRE; PIURA ;0;21;2;0;23
2023;NOVIEMBRE; PUNO ;0;6;1;0;7
2023;NOVIEMBRE; SAN MARTIN ;0;0;1;0;1
2023;NOVIEMBRE; TACNA ;2;24;2;0;28
2023;NOVIEMBRE; TUMBES ;0;2;0;0;2
2023;NOVIEMBRE; UCAYALI ;0;5;0;0;5
2023;DICIEMBRE;  AMAZONAS  ;0;1;0;0;1
2023;DICIEMBRE;  ANCASH  ;3;72;2;0;77
2023;DICIEMBRE;  APURIMAC  ;0;15;0;0;15
2023;DICIEMBRE;  AREQUIPA  ;15;178;2;0;195
2023;DICIEMBRE;  AYACUCHO  ;1;2;0;0;3
2023;DICIEMBRE;  CAJAMARCA  ;0;12;0;0;12
2023;DICIEMBRE;  CALLAO  ;1;163;5;0;169
2023;DICIEMBRE;  CUSCO  ;1;12;1;0;14
2023;DICIEMBRE;  HUANCAVELICA  ;1;3;0;0;4
2023;DICIEMBRE;  ICA  ;1;37;2;0;40
2023;DICIEMBRE;  JUNIN  ;2;21;0;0;23
2023;DICIEMBRE;  LA LIBERTAD  ;8;19;5;0;32
2023;DICIEMBRE;  LAMBAYEQUE  ;0;117;0;0;117
2023;DICIEMBRE;  LIMA  ;25;1844;11;16;1896
2023;DICIEMBRE;  LORETO  ;1;23;0;0;24
2023;DICIEMBRE;  MOQUEGUA  ;0;53;0;2;55
2023;DICIEMBRE;  PASCO  ;0;35;1;0;36
2023;DICIEMBRE;  PIURA  ;0;2;1;0;3
2023;DICIEMBRE;  PUNO  ;1;7;1;0;9
2023;DICIEMBRE;  TACNA  ;0;5;1;0;6
2023;DICIEMBRE;  TUMBES  ;0;2;0;0;2
2023;DICIEMBRE;  UCAYALI  ;0;11;0;0;11
